{"cameraMode":{"drawMode":0,"name":"Shaded","section":"Shading Mode"},"sceneLighting":true,"audioPlay":false,"sceneViewState":{"showFog":false,"showMaterialUpdate":false,"showSkybox":false,"showFlares":false,"showImageEffects":true,"showParticleSystems":true},"in2DMode":false,"pivot":{"x":2.635758399963379,"y":0.6693720817565918,"z":1.0196094512939454},"rotation":{"x":0.0019883611239492895,"y":0.9928953647613525,"z":-0.11780516058206558,"w":0.016639113426208497},"size":16.80256462097168,"orthographic":false}